Group,sampleID,SampleName,Diet,Genotype
KO_CD,no010,KO_CD_rep1,CD,KO
KO_CD,no014,KO_CD_rep2,CD,KO
KO_CD,no046,KO_CD_rep3,CD,KO
KO_CD,no050,KO_CD_rep4,CD,KO
KO_VAFD,no026,KO_VAFD_rep1,VAFD,KO
KO_VAFD,no030,KO_VAFD_rep2,VAFD,KO
KO_VAFD,no062,KO_VAFD_rep3,VAFD,KO
KO_VAFD,no066,KO_VAFD_rep4,VAFD,KO
WT_CD,no002,WT_CD_rep1,CD,WT
WT_CD,no006,WT_CD_rep2,CD,WT
WT_CD,no042,WT_CD_rep3,CD,WT
WT_VAFD,no018,WT_VAFD_rep1,VAFD,WT
WT_VAFD,no022,WT_VAFD_rep2,VAFD,WT
WT_VAFD,no054,WT_VAFD_rep3,VAFD,WT
WT_VAFD,no058,WT_VAFD_rep4,VAFD,WT
