Group,sampleID,SampleName,Diet,Genotype
KO_CD,no009,KO_CD_rep1,CD,KO
KO_CD,no013,KO_CD_rep2,CD,KO
KO_CD,no035,KO_CD_rep3,CD,KO
KO_CD,no045,KO_CD_rep4,CD,KO
KO_CD,no049,KO_CD_rep5,CD,KO
KO_VAFD,no025,KO_VAFD_rep1,VAFD,KO
KO_VAFD,no029,KO_VAFD_rep2,VAFD,KO
KO_VAFD,no061,KO_VAFD_rep3,VAFD,KO
KO_VAFD,no065,KO_VAFD_rep4,VAFD,KO
WT_CD,no001,WT_CD_rep1,CD,WT
WT_CD,no005,WT_CD_rep2,CD,WT
WT_CD,no033,WT_CD_rep3,CD,WT
WT_CD,no041,WT_CD_rep4,CD,WT
WT_VAFD,no017,WT_VAFD_rep1,VAFD,WT
WT_VAFD,no021,WT_VAFD_rep2,VAFD,WT
WT_VAFD,no037,WT_VAFD_rep3,VAFD,WT
WT_VAFD,no053,WT_VAFD_rep4,VAFD,WT
WT_VAFD,no057,WT_VAFD_rep5,VAFD,WT
